name,fpSt,fpBd,tpSt,tpBd,longBd,shortBd,missing,gt,precSt,recallSt,f1St,precBd,recallBd,f1Bd
icc_binutils_64_O0_addr2line.newgt,1,1355,1356,2,0,1354,325,1681,99.93%,80.67%,89.27%,0.15%,0.12%,0.13%
icc_binutils_64_O0_ar.newgt,3,1420,1419,2,0,1417,344,1763,99.79%,80.49%,89.11%,0.14%,0.11%,0.13%
icc_binutils_64_O0_as-new.newgt,5,2003,2000,2,0,1998,430,2430,99.75%,82.30%,90.19%,0.10%,0.08%,0.09%
icc_binutils_64_O0_cxxfilt.newgt,1,1351,1352,2,0,1350,327,1679,99.93%,80.52%,89.18%,0.15%,0.12%,0.13%
icc_binutils_64_O0_elfedit.newgt,0,39,41,2,0,39,14,55,100.00%,74.55%,85.42%,4.88%,3.64%,4.17%
icc_binutils_64_O0_gprof.newgt,1,1441,1442,2,0,1440,332,1774,99.93%,81.29%,89.65%,0.14%,0.11%,0.12%
icc_binutils_64_O0_ld-new.newgt,2,1806,1806,2,0,1804,442,2248,99.89%,80.34%,89.05%,0.11%,0.09%,0.10%
icc_binutils_64_O0_nm-new.newgt,1,1379,1380,2,0,1378,333,1713,99.93%,80.56%,89.20%,0.14%,0.12%,0.13%
icc_binutils_64_O0_objcopy.newgt,3,1656,1655,2,0,1653,366,2021,99.82%,81.89%,89.97%,0.12%,0.10%,0.11%
icc_binutils_64_O0_objdump.newgt,2,1838,1838,2,0,1836,413,2251,99.89%,81.65%,89.86%,0.11%,0.09%,0.10%
icc_binutils_64_O0_ranlib.newgt,3,1420,1419,2,0,1417,344,1763,99.79%,80.49%,89.11%,0.14%,0.11%,0.13%
icc_binutils_64_O0_readelf.newgt,0,336,338,2,0,336,18,356,100.00%,94.94%,97.41%,0.59%,0.56%,0.58%
icc_binutils_64_O0_size.newgt,1,1365,1366,2,0,1364,328,1694,99.93%,80.64%,89.25%,0.15%,0.12%,0.13%
icc_binutils_64_O0_strings.newgt,2,1355,1355,2,0,1353,326,1681,99.85%,80.61%,89.20%,0.15%,0.12%,0.13%
icc_binutils_64_O0_strip-new.newgt,3,1656,1655,2,0,1653,366,2021,99.82%,81.89%,89.97%,0.12%,0.10%,0.11%
icc_binutils_64_O0_sysinfo.newgt,0,23,25,2,0,23,21,46,100.00%,54.35%,70.42%,8.00%,4.35%,5.63%
icc_binutils_64_O1_addr2line.newgt,6,757,753,2,0,751,694,1447,99.21%,52.04%,68.27%,0.26%,0.14%,0.18%
icc_binutils_64_O1_ar.newgt,5,808,805,2,0,803,715,1520,99.38%,52.96%,69.10%,0.25%,0.13%,0.17%
icc_binutils_64_O1_as-new.newgt,9,1252,1245,2,0,1243,841,2086,99.28%,59.68%,74.55%,0.16%,0.10%,0.12%
icc_binutils_64_O1_cxxfilt.newgt,6,750,746,2,0,744,699,1445,99.20%,51.63%,67.91%,0.27%,0.14%,0.18%
icc_binutils_64_O1_elfedit.newgt,4,40,38,2,0,36,18,56,90.48%,67.86%,77.55%,4.76%,3.57%,4.08%
icc_binutils_64_O1_gprof.newgt,7,828,823,2,0,821,692,1515,99.16%,54.32%,70.19%,0.24%,0.13%,0.17%
icc_binutils_64_O1_ld-new.newgt,8,1158,1152,2,0,1150,776,1928,99.31%,59.75%,74.61%,0.17%,0.10%,0.13%
icc_binutils_64_O1_nm-new.newgt,7,770,765,2,0,763,709,1474,99.09%,51.90%,68.12%,0.26%,0.14%,0.18%
icc_binutils_64_O1_objcopy.newgt,8,973,967,2,0,965,775,1742,99.18%,55.51%,71.18%,0.21%,0.11%,0.15%
icc_binutils_64_O1_objdump.newgt,9,1059,1052,2,0,1050,901,1953,99.15%,53.87%,69.81%,0.19%,0.10%,0.13%
icc_binutils_64_O1_ranlib.newgt,5,808,805,2,0,803,715,1520,99.38%,52.96%,69.10%,0.25%,0.13%,0.17%
icc_binutils_64_O1_readelf.newgt,5,187,184,2,0,182,58,242,97.35%,76.03%,85.38%,1.06%,0.83%,0.93%
icc_binutils_64_O1_size.newgt,6,766,762,2,0,760,697,1459,99.22%,52.23%,68.43%,0.26%,0.14%,0.18%
icc_binutils_64_O1_strings.newgt,7,752,747,2,0,745,701,1448,99.07%,51.59%,67.85%,0.27%,0.14%,0.18%
icc_binutils_64_O1_strip-new.newgt,8,973,967,2,0,965,775,1742,99.18%,55.51%,71.18%,0.21%,0.11%,0.15%
icc_binutils_64_O1_sysinfo.newgt,4,26,24,2,0,22,24,48,85.71%,50.00%,63.16%,7.14%,4.17%,5.26%
icc_binutils_64_O2_addr2line.newgt,10,539,531,2,0,529,778,1309,98.15%,40.57%,57.41%,0.37%,0.15%,0.22%
icc_binutils_64_O2_ar.newgt,10,575,567,2,0,565,807,1374,98.27%,41.27%,58.12%,0.35%,0.15%,0.21%
icc_binutils_64_O2_as-new.newgt,16,916,902,2,0,900,959,1861,98.26%,48.47%,64.92%,0.22%,0.11%,0.14%
icc_binutils_64_O2_cxxfilt.newgt,13,533,522,2,0,520,785,1307,97.57%,39.94%,56.68%,0.37%,0.15%,0.22%
icc_binutils_64_O2_elfedit.newgt,7,44,39,2,0,37,34,73,84.78%,53.42%,65.55%,4.35%,2.74%,3.36%
icc_binutils_64_O2_gprof.newgt,10,594,586,2,0,584,776,1362,98.32%,43.02%,59.86%,0.34%,0.15%,0.20%
icc_binutils_64_O2_ld-new.newgt,14,869,857,2,0,855,883,1740,98.39%,49.25%,65.65%,0.23%,0.11%,0.15%
icc_binutils_64_O2_nm-new.newgt,12,547,537,2,0,535,794,1331,97.81%,40.35%,57.13%,0.36%,0.15%,0.21%
icc_binutils_64_O2_objcopy.newgt,14,711,699,2,0,697,865,1564,98.04%,44.69%,61.40%,0.28%,0.13%,0.18%
icc_binutils_64_O2_objdump.newgt,12,782,772,2,0,770,987,1759,98.47%,43.89%,60.72%,0.26%,0.11%,0.16%
icc_binutils_64_O2_ranlib.newgt,9,574,567,2,0,565,807,1374,98.44%,41.27%,58.15%,0.35%,0.15%,0.21%
icc_binutils_64_O2_readelf.newgt,8,177,171,2,0,169,79,250,95.53%,68.40%,79.72%,1.12%,0.80%,0.93%
icc_binutils_64_O2_size.newgt,11,544,535,2,0,533,783,1318,97.99%,40.59%,57.40%,0.37%,0.15%,0.21%
icc_binutils_64_O2_strings.newgt,10,533,525,2,0,523,785,1310,98.13%,40.08%,56.91%,0.37%,0.15%,0.22%
icc_binutils_64_O2_strip-new.newgt,14,711,699,2,0,697,865,1564,98.04%,44.69%,61.40%,0.28%,0.13%,0.18%
icc_binutils_64_O2_sysinfo.newgt,6,17,13,2,0,11,40,53,68.42%,24.53%,36.11%,10.53%,3.77%,5.56%
icc_binutils_64_O3_addr2line.newgt,10,539,531,2,0,529,778,1309,98.15%,40.57%,57.41%,0.37%,0.15%,0.22%
icc_binutils_64_O3_ar.newgt,10,575,567,2,0,565,807,1374,98.27%,41.27%,58.12%,0.35%,0.15%,0.21%
icc_binutils_64_O3_as-new.newgt,14,914,902,2,0,900,959,1861,98.47%,48.47%,64.96%,0.22%,0.11%,0.14%
icc_binutils_64_O3_cxxfilt.newgt,11,531,522,2,0,520,785,1307,97.94%,39.94%,56.74%,0.38%,0.15%,0.22%
icc_binutils_64_O3_elfedit.newgt,7,44,39,2,0,37,34,73,84.78%,53.42%,65.55%,4.35%,2.74%,3.36%
icc_binutils_64_O3_gprof.newgt,10,594,586,2,0,584,776,1362,98.32%,43.02%,59.86%,0.34%,0.15%,0.20%
icc_binutils_64_O3_ld-new.newgt,14,869,857,2,0,855,883,1740,98.39%,49.25%,65.65%,0.23%,0.11%,0.15%
icc_binutils_64_O3_nm-new.newgt,10,545,537,2,0,535,794,1331,98.17%,40.35%,57.19%,0.37%,0.15%,0.21%
icc_binutils_64_O3_objcopy.newgt,15,710,697,2,0,695,867,1564,97.89%,44.57%,61.25%,0.28%,0.13%,0.18%
icc_binutils_64_O3_objdump.newgt,12,782,772,2,0,770,987,1759,98.47%,43.89%,60.72%,0.26%,0.11%,0.16%
icc_binutils_64_O3_ranlib.newgt,9,574,567,2,0,565,807,1374,98.44%,41.27%,58.15%,0.35%,0.15%,0.21%
icc_binutils_64_O3_readelf.newgt,8,177,171,2,0,169,79,250,95.53%,68.40%,79.72%,1.12%,0.80%,0.93%
icc_binutils_64_O3_size.newgt,10,543,535,2,0,533,783,1318,98.17%,40.59%,57.43%,0.37%,0.15%,0.21%
icc_binutils_64_O3_strings.newgt,11,534,525,2,0,523,785,1310,97.95%,40.08%,56.88%,0.37%,0.15%,0.22%
icc_binutils_64_O3_strip-new.newgt,15,710,697,2,0,695,867,1564,97.89%,44.57%,61.25%,0.28%,0.13%,0.18%
icc_binutils_64_O3_sysinfo.newgt,6,17,13,2,0,11,40,53,68.42%,24.53%,36.11%,10.53%,3.77%,5.56%
icc_coreutils_64_O0_[.newgt,0,86,88,2,0,86,42,130,100.00%,67.69%,80.73%,2.27%,1.54%,1.83%
icc_coreutils_64_O0_base64.newgt,0,89,91,2,0,89,32,123,100.00%,73.98%,85.05%,2.20%,1.63%,1.87%
icc_coreutils_64_O0_basename.newgt,0,73,75,2,0,73,33,108,100.00%,69.44%,81.97%,2.67%,1.85%,2.19%
icc_coreutils_64_O0_cat.newgt,0,98,100,2,0,98,43,143,100.00%,69.93%,82.30%,2.00%,1.40%,1.65%
icc_coreutils_64_O0_chcon.newgt,3,168,167,2,0,165,59,226,98.24%,73.89%,84.34%,1.18%,0.88%,1.01%
icc_coreutils_64_O0_chgrp.newgt,3,160,159,2,0,157,57,216,98.15%,73.61%,84.13%,1.23%,0.93%,1.06%
icc_coreutils_64_O0_chmod.newgt,3,157,156,2,0,154,58,214,98.11%,72.90%,83.65%,1.26%,0.93%,1.07%
icc_coreutils_64_O0_chown.newgt,3,162,161,2,0,159,57,218,98.17%,73.85%,84.29%,1.22%,0.92%,1.05%
icc_coreutils_64_O0_chroot.newgt,0,76,78,2,0,76,33,111,100.00%,70.27%,82.54%,2.56%,1.80%,2.12%
icc_coreutils_64_O0_cksum.newgt,1,73,74,2,0,72,36,110,98.67%,67.27%,80.00%,2.67%,1.82%,2.16%
icc_coreutils_64_O0_comm.newgt,1,83,84,2,0,82,38,122,98.82%,68.85%,81.16%,2.35%,1.64%,1.93%
icc_coreutils_64_O0_cp.newgt,2,274,274,2,0,272,82,356,99.28%,76.97%,86.71%,0.72%,0.56%,0.63%
icc_coreutils_64_O0_csplit.newgt,1,261,262,2,0,260,55,317,99.62%,82.65%,90.34%,0.76%,0.63%,0.69%
icc_coreutils_64_O0_cut.newgt,0,114,116,2,0,114,52,168,100.00%,69.05%,81.69%,1.72%,1.19%,1.41%
icc_coreutils_64_O0_date.newgt,0,105,107,2,0,105,42,149,100.00%,71.81%,83.59%,1.87%,1.34%,1.56%
icc_coreutils_64_O0_dd.newgt,1,128,129,2,0,127,38,167,99.23%,77.25%,86.87%,1.54%,1.20%,1.35%
icc_coreutils_64_O0_df.newgt,2,214,214,2,0,212,69,283,99.07%,75.62%,85.77%,0.93%,0.71%,0.80%
icc_coreutils_64_O0_dir.newgt,1,231,232,2,0,230,121,353,99.57%,65.72%,79.18%,0.86%,0.57%,0.68%
icc_coreutils_64_O0_dircolors.newgt,0,76,78,2,0,76,33,111,100.00%,70.27%,82.54%,2.56%,1.80%,2.12%
icc_coreutils_64_O0_dirname.newgt,0,65,67,2,0,65,37,104,100.00%,64.42%,78.36%,2.99%,1.92%,2.34%
icc_coreutils_64_O0_du.newgt,3,252,251,2,0,249,72,323,98.82%,77.71%,87.00%,0.79%,0.62%,0.69%
icc_coreutils_64_O0_echo.newgt,0,59,61,2,0,59,33,94,100.00%,64.89%,78.71%,3.28%,2.13%,2.58%
icc_coreutils_64_O0_env.newgt,0,68,70,2,0,68,34,104,100.00%,67.31%,80.46%,2.86%,1.92%,2.30%
icc_coreutils_64_O0_expand.newgt,0,77,79,2,0,77,33,112,100.00%,70.54%,82.72%,2.53%,1.79%,2.09%
icc_coreutils_64_O0_expr.newgt,2,238,238,2,0,236,50,288,99.17%,82.64%,90.15%,0.83%,0.69%,0.76%
icc_coreutils_64_O0_factor.newgt,0,144,146,2,0,144,45,191,100.00%,76.44%,86.65%,1.37%,1.05%,1.19%
icc_coreutils_64_O0_false.newgt,0,57,59,2,0,57,33,92,100.00%,64.13%,78.15%,3.39%,2.17%,2.65%
icc_coreutils_64_O0_fmt.newgt,0,89,91,2,0,89,35,126,100.00%,72.22%,83.87%,2.20%,1.59%,1.84%
icc_coreutils_64_O0_fold.newgt,0,69,71,2,0,69,40,111,100.00%,63.96%,78.02%,2.82%,1.80%,2.20%
icc_coreutils_64_O0_getlimits.newgt,1,88,89,2,0,87,42,131,98.89%,67.94%,80.54%,2.22%,1.53%,1.81%
icc_coreutils_64_O0_ginstall.newgt,3,284,283,2,0,281,81,364,98.95%,77.75%,87.08%,0.70%,0.55%,0.62%
icc_coreutils_64_O0_groups.newgt,0,74,76,2,0,74,34,110,100.00%,69.09%,81.72%,2.63%,1.82%,2.15%
icc_coreutils_64_O0_head.newgt,0,92,94,2,0,92,33,127,100.00%,74.02%,85.07%,2.13%,1.57%,1.81%
icc_coreutils_64_O0_hostid.newgt,1,67,68,2,0,66,35,103,98.55%,66.02%,79.07%,2.90%,1.94%,2.33%
icc_coreutils_64_O0_id.newgt,0,77,79,2,0,77,35,114,100.00%,69.30%,81.87%,2.53%,1.75%,2.07%
icc_coreutils_64_O0_join.newgt,1,106,107,2,0,105,39,146,99.07%,73.29%,84.25%,1.85%,1.37%,1.57%
icc_coreutils_64_O0_kill.newgt,0,72,74,2,0,72,36,110,100.00%,67.27%,80.43%,2.70%,1.82%,2.17%
icc_coreutils_64_O0_link.newgt,1,67,68,2,0,66,35,103,98.55%,66.02%,79.07%,2.90%,1.94%,2.33%
icc_coreutils_64_O0_ln.newgt,1,142,143,2,0,141,56,199,99.31%,71.86%,83.38%,1.39%,1.01%,1.17%
icc_coreutils_64_O0_logname.newgt,2,68,68,2,0,66,35,103,97.14%,66.02%,78.61%,2.86%,1.94%,2.31%
icc_coreutils_64_O0_ls.newgt,1,231,232,2,0,230,121,353,99.57%,65.72%,79.18%,0.86%,0.57%,0.68%
icc_coreutils_64_O0_make-prime-list.newgt,0,6,8,2,0,6,7,15,100.00%,53.33%,69.57%,25.00%,13.33%,17.39%
icc_coreutils_64_O0_md5sum.newgt,1,92,93,2,0,91,35,128,98.94%,72.66%,83.78%,2.13%,1.56%,1.80%
icc_coreutils_64_O0_mkdir.newgt,2,103,103,2,0,101,46,149,98.10%,69.13%,81.10%,1.90%,1.34%,1.57%
icc_coreutils_64_O0_mkfifo.newgt,0,73,75,2,0,73,34,109,100.00%,68.81%,81.52%,2.67%,1.83%,2.17%
icc_coreutils_64_O0_mknod.newgt,0,77,79,2,0,77,34,113,100.00%,69.91%,82.29%,2.53%,1.77%,2.08%
icc_coreutils_64_O0_mktemp.newgt,1,100,101,2,0,99,38,139,99.02%,72.66%,83.82%,1.96%,1.44%,1.66%
icc_coreutils_64_O0_mv.newgt,3,305,304,2,0,302,90,394,99.02%,77.16%,86.73%,0.65%,0.51%,0.57%
icc_coreutils_64_O0_nice.newgt,0,73,75,2,0,73,33,108,100.00%,69.44%,81.97%,2.67%,1.85%,2.19%
icc_coreutils_64_O0_nl.newgt,0,235,237,2,0,235,47,284,100.00%,83.45%,90.98%,0.84%,0.70%,0.77%
icc_coreutils_64_O0_nohup.newgt,2,75,75,2,0,73,37,112,97.40%,66.96%,79.37%,2.60%,1.79%,2.12%
icc_coreutils_64_O0_nproc.newgt,0,71,73,2,0,71,34,107,100.00%,68.22%,81.11%,2.74%,1.87%,2.22%
icc_coreutils_64_O0_numfmt.newgt,1,123,124,2,0,122,46,170,99.20%,72.94%,84.07%,1.60%,1.18%,1.36%
icc_coreutils_64_O0_od.newgt,0,121,123,2,0,121,49,172,100.00%,71.51%,83.39%,1.63%,1.16%,1.36%
icc_coreutils_64_O0_paste.newgt,0,73,75,2,0,73,36,111,100.00%,67.57%,80.65%,2.67%,1.80%,2.15%
icc_coreutils_64_O0_pathchk.newgt,0,74,76,2,0,74,32,108,100.00%,70.37%,82.61%,2.63%,1.85%,2.17%
icc_coreutils_64_O0_pinky.newgt,0,83,85,2,0,83,39,124,100.00%,68.55%,81.34%,2.35%,1.61%,1.91%
icc_coreutils_64_O0_pr.newgt,1,124,125,2,0,123,47,172,99.21%,72.67%,83.89%,1.59%,1.16%,1.34%
icc_coreutils_64_O0_printenv.newgt,0,64,66,2,0,64,37,103,100.00%,64.08%,78.11%,3.03%,1.94%,2.37%
icc_coreutils_64_O0_printf.newgt,0,92,94,2,0,92,42,136,100.00%,69.12%,81.74%,2.13%,1.47%,1.74%
icc_coreutils_64_O0_ptx.newgt,1,276,277,2,0,275,49,326,99.64%,84.97%,91.72%,0.72%,0.61%,0.66%
icc_coreutils_64_O0_pwd.newgt,0,82,84,2,0,82,34,118,100.00%,71.19%,83.17%,2.38%,1.69%,1.98%
icc_coreutils_64_O0_readlink.newgt,0,105,107,2,0,105,58,165,100.00%,64.85%,78.68%,1.87%,1.21%,1.47%
icc_coreutils_64_O0_realpath.newgt,0,136,138,2,0,136,60,198,100.00%,69.70%,82.14%,1.45%,1.01%,1.19%
icc_coreutils_64_O0_rm.newgt,3,171,170,2,0,168,62,232,98.27%,73.28%,83.95%,1.16%,0.86%,0.99%
icc_coreutils_64_O0_rmdir.newgt,0,86,88,2,0,86,43,131,100.00%,67.18%,80.37%,2.27%,1.53%,1.83%
icc_coreutils_64_O0_runcon.newgt,0,69,71,2,0,69,36,107,100.00%,66.36%,79.78%,2.82%,1.87%,2.25%
icc_coreutils_64_O0_seq.newgt,1,81,82,2,0,80,54,136,98.80%,60.29%,74.89%,2.41%,1.47%,1.83%
icc_coreutils_64_O0_setuidgid.newgt,1,75,76,2,0,74,35,111,98.70%,68.47%,80.85%,2.60%,1.80%,2.13%
icc_coreutils_64_O0_sha1sum.newgt,1,92,93,2,0,91,35,128,98.94%,72.66%,83.78%,2.13%,1.56%,1.80%
icc_coreutils_64_O0_sha224sum.newgt,2,98,98,2,0,96,36,134,98.00%,73.13%,83.76%,2.00%,1.49%,1.71%
icc_coreutils_64_O0_sha256sum.newgt,2,98,98,2,0,96,36,134,98.00%,73.13%,83.76%,2.00%,1.49%,1.71%
icc_coreutils_64_O0_sha384sum.newgt,1,97,98,2,0,96,36,134,98.99%,73.13%,84.12%,2.02%,1.49%,1.72%
icc_coreutils_64_O0_sha512sum.newgt,1,97,98,2,0,96,36,134,98.99%,73.13%,84.12%,2.02%,1.49%,1.72%
icc_coreutils_64_O0_shred.newgt,2,123,123,2,0,121,41,164,98.40%,75.00%,85.12%,1.60%,1.22%,1.38%
icc_coreutils_64_O0_shuf.newgt,2,136,136,2,0,134,60,196,98.55%,69.39%,81.44%,1.45%,1.02%,1.20%
icc_coreutils_64_O0_sleep.newgt,0,64,66,2,0,64,44,110,100.00%,60.00%,75.00%,3.03%,1.82%,2.27%
icc_coreutils_64_O0_sort.newgt,1,261,262,2,0,260,61,323,99.62%,81.11%,89.42%,0.76%,0.62%,0.68%
icc_coreutils_64_O0_split.newgt,3,130,129,2,0,127,43,172,97.73%,75.00%,84.87%,1.52%,1.16%,1.32%
icc_coreutils_64_O0_stat.newgt,2,138,138,2,0,136,61,199,98.57%,69.35%,81.42%,1.43%,1.01%,1.18%
icc_coreutils_64_O0_stdbuf.newgt,0,122,124,2,0,122,45,169,100.00%,73.37%,84.64%,1.61%,1.18%,1.37%
icc_coreutils_64_O0_stty.newgt,2,110,110,2,0,108,43,153,98.21%,71.90%,83.02%,1.79%,1.31%,1.51%
icc_coreutils_64_O0_sum.newgt,0,90,92,2,0,90,33,125,100.00%,73.60%,84.79%,2.17%,1.60%,1.84%
icc_coreutils_64_O0_sync.newgt,1,64,65,2,0,63,38,103,98.48%,63.11%,76.92%,3.03%,1.94%,2.37%
icc_coreutils_64_O0_tac.newgt,1,233,234,2,0,232,46,280,99.57%,83.57%,90.87%,0.85%,0.71%,0.78%
icc_coreutils_64_O0_tail.newgt,2,154,154,2,0,152,64,218,98.72%,70.64%,82.35%,1.28%,0.92%,1.07%
icc_coreutils_64_O0_tee.newgt,1,74,75,2,0,73,36,111,98.68%,67.57%,80.21%,2.63%,1.80%,2.14%
icc_coreutils_64_O0_test.newgt,0,86,88,2,0,86,42,130,100.00%,67.69%,80.73%,2.27%,1.54%,1.83%
icc_coreutils_64_O0_timeout.newgt,0,107,109,2,0,107,37,146,100.00%,74.66%,85.49%,1.83%,1.37%,1.57%
icc_coreutils_64_O0_touch.newgt,2,131,131,2,0,129,43,174,98.50%,75.29%,85.34%,1.50%,1.15%,1.30%
icc_coreutils_64_O0_tr.newgt,0,110,112,2,0,110,34,146,100.00%,76.71%,86.82%,1.79%,1.37%,1.55%
icc_coreutils_64_O0_true.newgt,0,57,59,2,0,57,33,92,100.00%,64.13%,78.15%,3.39%,2.17%,2.65%
icc_coreutils_64_O0_truncate.newgt,0,99,101,2,0,99,38,139,100.00%,72.66%,84.17%,1.98%,1.44%,1.67%
icc_coreutils_64_O0_tsort.newgt,1,86,87,2,0,85,34,121,98.86%,71.90%,83.25%,2.27%,1.65%,1.91%
icc_coreutils_64_O0_tty.newgt,0,67,69,2,0,67,34,103,100.00%,66.99%,80.23%,2.90%,1.94%,2.33%
icc_coreutils_64_O0_uname.newgt,0,68,70,2,0,68,34,104,100.00%,67.31%,80.46%,2.86%,1.92%,2.30%
icc_coreutils_64_O0_unexpand.newgt,0,77,79,2,0,77,33,112,100.00%,70.54%,82.72%,2.53%,1.79%,2.09%
icc_coreutils_64_O0_uniq.newgt,0,101,103,2,0,101,32,135,100.00%,76.30%,86.55%,1.94%,1.48%,1.68%
icc_coreutils_64_O0_unlink.newgt,1,67,68,2,0,66,35,103,98.55%,66.02%,79.07%,2.90%,1.94%,2.33%
icc_coreutils_64_O0_uptime.newgt,1,79,80,2,0,78,36,116,98.77%,68.97%,81.22%,2.47%,1.72%,2.03%
icc_coreutils_64_O0_users.newgt,1,72,73,2,0,71,36,109,98.65%,66.97%,79.78%,2.70%,1.83%,2.19%
icc_coreutils_64_O0_vdir.newgt,1,231,232,2,0,230,121,353,99.57%,65.72%,79.18%,0.86%,0.57%,0.68%
icc_coreutils_64_O0_wc.newgt,0,87,89,2,0,87,42,131,100.00%,67.94%,80.91%,2.25%,1.53%,1.82%
icc_coreutils_64_O0_who.newgt,0,103,105,2,0,103,44,149,100.00%,70.47%,82.68%,1.90%,1.34%,1.57%
icc_coreutils_64_O0_whoami.newgt,1,67,68,2,0,66,35,103,98.55%,66.02%,79.07%,2.90%,1.94%,2.33%
icc_coreutils_64_O0_yes.newgt,1,65,66,2,0,64,38,104,98.51%,63.46%,77.19%,2.99%,1.92%,2.34%
icc_coreutils_64_O1_[.newgt,4,54,52,2,0,50,68,120,92.86%,43.33%,59.09%,3.57%,1.67%,2.27%
icc_coreutils_64_O1_base64.newgt,4,53,51,2,0,49,68,119,92.73%,42.86%,58.62%,3.64%,1.68%,2.30%
icc_coreutils_64_O1_basename.newgt,4,45,43,2,0,41,68,111,91.49%,38.74%,54.43%,4.26%,1.80%,2.53%
icc_coreutils_64_O1_cat.newgt,5,62,59,2,0,57,75,134,92.19%,44.03%,59.60%,3.12%,1.49%,2.02%
icc_coreutils_64_O1_chcon.newgt,7,124,119,2,0,117,86,205,94.44%,58.05%,71.90%,1.59%,0.98%,1.21%
icc_coreutils_64_O1_chgrp.newgt,7,118,113,2,0,111,81,194,94.17%,58.25%,71.97%,1.67%,1.03%,1.27%
icc_coreutils_64_O1_chmod.newgt,8,114,108,2,0,106,83,191,93.10%,56.54%,70.36%,1.72%,1.05%,1.30%
icc_coreutils_64_O1_chown.newgt,7,121,116,2,0,114,80,196,94.31%,59.18%,72.73%,1.63%,1.02%,1.25%
icc_coreutils_64_O1_chroot.newgt,4,51,49,2,0,47,65,114,92.45%,42.98%,58.68%,3.77%,1.75%,2.40%
icc_coreutils_64_O1_cksum.newgt,5,47,44,2,0,42,68,112,89.80%,39.29%,54.66%,4.08%,1.79%,2.48%
icc_coreutils_64_O1_comm.newgt,5,58,55,2,0,53,71,126,91.67%,43.65%,59.14%,3.33%,1.59%,2.15%
icc_coreutils_64_O1_cp.newgt,8,187,181,2,0,179,118,299,95.77%,60.54%,74.18%,1.06%,0.67%,0.82%
icc_coreutils_64_O1_csplit.newgt,6,177,173,2,0,171,83,256,96.65%,67.58%,79.54%,1.12%,0.78%,0.92%
icc_coreutils_64_O1_cut.newgt,5,70,67,2,0,65,86,153,93.06%,43.79%,59.56%,2.78%,1.31%,1.78%
icc_coreutils_64_O1_date.newgt,4,73,71,2,0,69,63,134,94.67%,52.99%,67.94%,2.67%,1.49%,1.91%
icc_coreutils_64_O1_dd.newgt,5,79,76,2,0,74,75,151,93.83%,50.33%,65.52%,2.47%,1.32%,1.72%
icc_coreutils_64_O1_df.newgt,7,147,142,2,0,140,97,239,95.30%,59.41%,73.20%,1.34%,0.84%,1.03%
icc_coreutils_64_O1_dir.newgt,7,154,149,2,0,147,141,290,95.51%,51.38%,66.82%,1.28%,0.69%,0.90%
icc_coreutils_64_O1_dircolors.newgt,4,46,44,2,0,42,69,113,91.67%,38.94%,54.66%,4.17%,1.77%,2.48%
icc_coreutils_64_O1_dirname.newgt,4,43,41,2,0,39,68,109,91.11%,37.61%,53.25%,4.44%,1.83%,2.60%
icc_coreutils_64_O1_du.newgt,8,183,177,2,0,175,95,272,95.68%,65.07%,77.46%,1.08%,0.74%,0.88%
icc_coreutils_64_O1_echo.newgt,4,33,31,2,0,29,69,100,88.57%,31.00%,45.93%,5.71%,2.00%,2.96%
icc_coreutils_64_O1_env.newgt,4,43,41,2,0,39,66,107,91.11%,38.32%,53.95%,4.44%,1.87%,2.63%
icc_coreutils_64_O1_expand.newgt,4,45,43,2,0,41,70,113,91.49%,38.05%,53.75%,4.26%,1.77%,2.50%
icc_coreutils_64_O1_expr.newgt,4,164,162,2,0,160,82,244,97.59%,66.39%,79.02%,1.20%,0.82%,0.98%
icc_coreutils_64_O1_factor.newgt,6,101,97,2,0,95,80,177,94.17%,54.80%,69.29%,1.94%,1.13%,1.43%
icc_coreutils_64_O1_false.newgt,4,36,34,2,0,32,65,99,89.47%,34.34%,49.64%,5.26%,2.02%,2.92%
icc_coreutils_64_O1_fmt.newgt,4,60,58,2,0,56,67,125,93.55%,46.40%,62.03%,3.23%,1.60%,2.14%
icc_coreutils_64_O1_fold.newgt,4,47,45,2,0,43,69,114,91.84%,39.47%,55.21%,4.08%,1.75%,2.45%
icc_coreutils_64_O1_getlimits.newgt,4,53,51,2,0,49,78,129,92.73%,39.53%,55.43%,3.64%,1.55%,2.17%
icc_coreutils_64_O1_ginstall.newgt,8,186,180,2,0,178,124,304,95.74%,59.21%,73.17%,1.06%,0.66%,0.81%
icc_coreutils_64_O1_groups.newgt,4,50,48,2,0,46,66,114,92.31%,42.11%,57.83%,3.85%,1.75%,2.41%
icc_coreutils_64_O1_head.newgt,4,54,52,2,0,50,70,122,92.86%,42.62%,58.43%,3.57%,1.64%,2.25%
icc_coreutils_64_O1_hostid.newgt,5,44,41,2,0,39,67,108,89.13%,37.96%,53.25%,4.35%,1.85%,2.60%
icc_coreutils_64_O1_id.newgt,4,52,50,2,0,48,66,116,92.59%,43.10%,58.82%,3.70%,1.72%,2.35%
icc_coreutils_64_O1_join.newgt,6,76,72,2,0,70,71,143,92.31%,50.35%,65.16%,2.56%,1.40%,1.81%
icc_coreutils_64_O1_kill.newgt,4,42,40,2,0,38,71,111,90.91%,36.04%,51.61%,4.55%,1.80%,2.58%
icc_coreutils_64_O1_link.newgt,5,45,42,2,0,40,66,108,89.36%,38.89%,54.19%,4.26%,1.85%,2.58%
icc_coreutils_64_O1_ln.newgt,5,104,101,2,0,99,83,184,95.28%,54.89%,69.66%,1.89%,1.09%,1.38%
icc_coreutils_64_O1_logname.newgt,5,44,41,2,0,39,67,108,89.13%,37.96%,53.25%,4.35%,1.85%,2.60%
icc_coreutils_64_O1_ls.newgt,7,154,149,2,0,147,141,290,95.51%,51.38%,66.82%,1.28%,0.69%,0.90%
icc_coreutils_64_O1_make-prime-list.newgt,3,13,12,2,0,10,8,20,80.00%,60.00%,68.57%,13.33%,10.00%,11.43%
icc_coreutils_64_O1_md5sum.newgt,5,52,49,2,0,47,74,123,90.74%,39.84%,55.37%,3.70%,1.63%,2.26%
icc_coreutils_64_O1_mkdir.newgt,6,64,60,2,0,58,85,145,90.91%,41.38%,56.87%,3.03%,1.38%,1.90%
icc_coreutils_64_O1_mkfifo.newgt,4,48,46,2,0,44,66,112,92.00%,41.07%,56.79%,4.00%,1.79%,2.47%
icc_coreutils_64_O1_mknod.newgt,4,51,49,2,0,47,67,116,92.45%,42.24%,57.99%,3.77%,1.72%,2.37%
icc_coreutils_64_O1_mktemp.newgt,5,66,63,2,0,61,70,133,92.65%,47.37%,62.69%,2.94%,1.50%,1.99%
icc_coreutils_64_O1_mv.newgt,7,210,205,2,0,203,119,324,96.70%,63.27%,76.49%,0.94%,0.62%,0.75%
icc_coreutils_64_O1_nice.newgt,4,45,43,2,0,41,67,110,91.49%,39.09%,54.78%,4.26%,1.82%,2.55%
icc_coreutils_64_O1_nl.newgt,4,155,153,2,0,151,84,237,97.45%,64.56%,77.66%,1.27%,0.84%,1.02%
icc_coreutils_64_O1_nohup.newgt,6,52,48,2,0,46,67,115,88.89%,41.74%,56.80%,3.70%,1.74%,2.37%
icc_coreutils_64_O1_nproc.newgt,4,49,47,2,0,45,65,112,92.16%,41.96%,57.67%,3.92%,1.79%,2.45%
icc_coreutils_64_O1_numfmt.newgt,8,81,75,2,0,73,77,152,90.36%,49.34%,63.83%,2.41%,1.32%,1.70%
icc_coreutils_64_O1_od.newgt,4,64,62,2,0,60,99,161,93.94%,38.51%,54.63%,3.03%,1.24%,1.76%
icc_coreutils_64_O1_paste.newgt,4,47,45,2,0,43,65,110,91.84%,40.91%,56.60%,4.08%,1.82%,2.52%
icc_coreutils_64_O1_pathchk.newgt,4,48,46,2,0,44,64,110,92.00%,41.82%,57.50%,4.00%,1.82%,2.50%
icc_coreutils_64_O1_pinky.newgt,4,51,49,2,0,47,70,119,92.45%,41.18%,56.98%,3.77%,1.68%,2.33%
icc_coreutils_64_O1_pr.newgt,5,83,80,2,0,78,75,155,94.12%,51.61%,66.67%,2.35%,1.29%,1.67%
icc_coreutils_64_O1_printenv.newgt,4,42,40,2,0,38,67,107,90.91%,37.38%,52.98%,4.55%,1.87%,2.65%
icc_coreutils_64_O1_printf.newgt,5,56,53,2,0,51,77,130,91.38%,40.77%,56.38%,3.45%,1.54%,2.13%
icc_coreutils_64_O1_ptx.newgt,4,189,187,2,0,185,85,272,97.91%,68.75%,80.78%,1.05%,0.74%,0.86%
icc_coreutils_64_O1_pwd.newgt,4,50,48,2,0,46,70,118,92.31%,40.68%,56.47%,3.85%,1.69%,2.35%
icc_coreutils_64_O1_readlink.newgt,6,80,76,2,0,74,82,158,92.68%,48.10%,63.33%,2.44%,1.27%,1.67%
icc_coreutils_64_O1_realpath.newgt,5,96,93,2,0,91,90,183,94.90%,50.82%,66.19%,2.04%,1.09%,1.42%
icc_coreutils_64_O1_rm.newgt,8,123,117,2,0,115,87,204,93.60%,57.35%,71.12%,1.60%,0.98%,1.22%
icc_coreutils_64_O1_rmdir.newgt,4,54,52,2,0,50,74,126,92.86%,41.27%,57.14%,3.57%,1.59%,2.20%
icc_coreutils_64_O1_runcon.newgt,4,44,42,2,0,40,69,111,91.30%,37.84%,53.50%,4.35%,1.80%,2.55%
icc_coreutils_64_O1_seq.newgt,5,54,51,2,0,49,78,129,91.07%,39.53%,55.14%,3.57%,1.55%,2.16%
icc_coreutils_64_O1_setuidgid.newgt,5,51,48,2,0,46,67,115,90.57%,41.74%,57.14%,3.77%,1.74%,2.38%
icc_coreutils_64_O1_sha1sum.newgt,5,52,49,2,0,47,74,123,90.74%,39.84%,55.37%,3.70%,1.63%,2.26%
icc_coreutils_64_O1_sha224sum.newgt,5,55,52,2,0,50,77,129,91.23%,40.31%,55.91%,3.51%,1.55%,2.15%
icc_coreutils_64_O1_sha256sum.newgt,5,55,52,2,0,50,77,129,91.23%,40.31%,55.91%,3.51%,1.55%,2.15%
icc_coreutils_64_O1_sha384sum.newgt,5,55,52,2,0,50,77,129,91.23%,40.31%,55.91%,3.51%,1.55%,2.15%
icc_coreutils_64_O1_sha512sum.newgt,5,55,52,2,0,50,77,129,91.23%,40.31%,55.91%,3.51%,1.55%,2.15%
icc_coreutils_64_O1_shred.newgt,7,84,79,2,0,77,75,154,91.86%,51.30%,65.83%,2.33%,1.30%,1.67%
icc_coreutils_64_O1_shuf.newgt,6,82,78,2,0,76,96,174,92.86%,44.83%,60.47%,2.38%,1.15%,1.55%
icc_coreutils_64_O1_sleep.newgt,5,48,45,2,0,43,68,113,90.00%,39.82%,55.21%,4.00%,1.77%,2.45%
icc_coreutils_64_O1_sort.newgt,8,180,174,2,0,172,92,266,95.60%,65.41%,77.68%,1.10%,0.75%,0.89%
icc_coreutils_64_O1_split.newgt,8,85,79,2,0,77,73,152,90.80%,51.97%,66.11%,2.30%,1.32%,1.67%
icc_coreutils_64_O1_stat.newgt,6,101,97,2,0,95,76,173,94.17%,56.07%,70.29%,1.94%,1.16%,1.45%
icc_coreutils_64_O1_stdbuf.newgt,4,81,79,2,0,77,76,155,95.18%,50.97%,66.39%,2.41%,1.29%,1.68%
icc_coreutils_64_O1_stty.newgt,5,72,69,2,0,67,75,144,93.24%,47.92%,63.30%,2.70%,1.39%,1.83%
icc_coreutils_64_O1_sum.newgt,4,54,52,2,0,50,73,125,92.86%,41.60%,57.46%,3.57%,1.60%,2.21%
icc_coreutils_64_O1_sync.newgt,5,43,40,2,0,38,68,108,88.89%,37.04%,52.29%,4.44%,1.85%,2.61%
icc_coreutils_64_O1_tac.newgt,5,153,150,2,0,148,81,231,96.77%,64.94%,77.72%,1.29%,0.87%,1.04%
icc_coreutils_64_O1_tail.newgt,6,91,87,2,0,85,92,179,93.55%,48.60%,63.97%,2.15%,1.12%,1.47%
icc_coreutils_64_O1_tee.newgt,5,48,45,2,0,43,67,112,90.00%,40.18%,55.56%,4.00%,1.79%,2.47%
icc_coreutils_64_O1_test.newgt,4,48,46,2,0,44,69,115,92.00%,40.00%,55.76%,4.00%,1.74%,2.42%
icc_coreutils_64_O1_timeout.newgt,4,69,67,2,0,65,70,137,94.37%,48.91%,64.42%,2.82%,1.46%,1.92%
icc_coreutils_64_O1_touch.newgt,7,98,93,2,0,91,65,158,93.00%,58.86%,72.09%,2.00%,1.27%,1.55%
icc_coreutils_64_O1_tr.newgt,4,59,57,2,0,55,73,130,93.44%,43.85%,59.69%,3.28%,1.54%,2.09%
icc_coreutils_64_O1_true.newgt,4,36,34,2,0,32,65,99,89.47%,34.34%,49.64%,5.26%,2.02%,2.92%
icc_coreutils_64_O1_truncate.newgt,4,64,62,2,0,60,70,132,93.94%,46.97%,62.63%,3.03%,1.52%,2.02%
icc_coreutils_64_O1_tsort.newgt,4,50,48,2,0,46,74,122,92.31%,39.34%,55.17%,3.85%,1.64%,2.30%
icc_coreutils_64_O1_tty.newgt,4,43,41,2,0,39,66,107,91.11%,38.32%,53.95%,4.44%,1.87%,2.63%
icc_coreutils_64_O1_uname.newgt,4,41,39,2,0,37,69,108,90.70%,36.11%,51.66%,4.65%,1.85%,2.65%
icc_coreutils_64_O1_unexpand.newgt,5,46,43,2,0,41,69,112,89.58%,38.39%,53.75%,4.17%,1.79%,2.50%
icc_coreutils_64_O1_uniq.newgt,4,68,66,2,0,64,71,137,94.29%,48.18%,63.77%,2.86%,1.46%,1.93%
icc_coreutils_64_O1_unlink.newgt,5,44,41,2,0,39,67,108,89.13%,37.96%,53.25%,4.35%,1.85%,2.60%
icc_coreutils_64_O1_uptime.newgt,5,52,49,2,0,47,68,117,90.74%,41.88%,57.31%,3.70%,1.71%,2.34%
icc_coreutils_64_O1_users.newgt,5,48,45,2,0,43,67,112,90.00%,40.18%,55.56%,4.00%,1.79%,2.47%
icc_coreutils_64_O1_vdir.newgt,7,154,149,2,0,147,141,290,95.51%,51.38%,66.82%,1.28%,0.69%,0.90%
icc_coreutils_64_O1_wc.newgt,4,56,54,2,0,52,76,130,93.10%,41.54%,57.45%,3.45%,1.54%,2.13%
icc_coreutils_64_O1_who.newgt,4,61,59,2,0,57,75,134,93.65%,44.03%,59.90%,3.17%,1.49%,2.03%
icc_coreutils_64_O1_whoami.newgt,5,44,41,2,0,39,67,108,89.13%,37.96%,53.25%,4.35%,1.85%,2.60%
icc_coreutils_64_O1_yes.newgt,5,43,40,2,0,38,68,108,88.89%,37.04%,52.29%,4.44%,1.85%,2.61%
icc_coreutils_64_O2_[.newgt,7,46,41,2,0,39,66,107,85.42%,38.32%,52.90%,4.17%,1.87%,2.58%
icc_coreutils_64_O2_base64.newgt,8,51,45,2,0,43,76,121,84.91%,37.19%,51.72%,3.77%,1.65%,2.30%
icc_coreutils_64_O2_basename.newgt,7,46,41,2,0,39,67,108,85.42%,37.96%,52.56%,4.17%,1.85%,2.56%
icc_coreutils_64_O2_cat.newgt,8,65,59,2,0,57,80,139,88.06%,42.45%,57.28%,2.99%,1.44%,1.94%
icc_coreutils_64_O2_chcon.newgt,11,100,91,2,0,89,91,182,89.22%,50.00%,64.08%,1.96%,1.10%,1.41%
icc_coreutils_64_O2_chgrp.newgt,13,97,86,2,0,84,88,174,86.87%,49.43%,63.00%,2.02%,1.15%,1.47%
icc_coreutils_64_O2_chmod.newgt,12,92,82,2,0,80,89,171,87.23%,47.95%,61.89%,2.13%,1.17%,1.51%
icc_coreutils_64_O2_chown.newgt,12,97,87,2,0,85,88,175,87.88%,49.71%,63.50%,2.02%,1.14%,1.46%
icc_coreutils_64_O2_chroot.newgt,8,45,39,2,0,37,70,109,82.98%,35.78%,50.00%,4.26%,1.83%,2.56%
icc_coreutils_64_O2_cksum.newgt,7,46,41,2,0,39,70,111,85.42%,36.94%,51.57%,4.17%,1.80%,2.52%
icc_coreutils_64_O2_comm.newgt,8,58,52,2,0,50,68,120,86.67%,43.33%,57.78%,3.33%,1.67%,2.22%
icc_coreutils_64_O2_cp.newgt,12,165,155,2,0,153,126,281,92.81%,55.16%,69.20%,1.20%,0.71%,0.89%
icc_coreutils_64_O2_csplit.newgt,9,111,104,2,0,102,87,191,92.04%,54.45%,68.42%,1.77%,1.05%,1.32%
icc_coreutils_64_O2_cut.newgt,7,62,57,2,0,55,85,142,89.06%,40.14%,55.34%,3.12%,1.41%,1.94%
icc_coreutils_64_O2_date.newgt,8,58,52,2,0,50,72,124,86.67%,41.94%,56.52%,3.33%,1.61%,2.17%
icc_coreutils_64_O2_dd.newgt,9,67,60,2,0,58,81,141,86.96%,42.55%,57.14%,2.90%,1.42%,1.90%
icc_coreutils_64_O2_df.newgt,10,113,105,2,0,103,117,222,91.30%,47.30%,62.31%,1.74%,0.90%,1.19%
icc_coreutils_64_O2_dir.newgt,8,116,110,2,0,108,145,255,93.22%,43.14%,58.98%,1.69%,0.78%,1.07%
icc_coreutils_64_O2_dircolors.newgt,7,47,42,2,0,40,68,110,85.71%,38.18%,52.83%,4.08%,1.82%,2.52%
icc_coreutils_64_O2_dirname.newgt,7,42,37,2,0,35,70,107,84.09%,34.58%,49.01%,4.55%,1.87%,2.65%
icc_coreutils_64_O2_du.newgt,11,148,139,2,0,137,99,238,92.67%,58.40%,71.65%,1.33%,0.84%,1.03%
icc_coreutils_64_O2_echo.newgt,7,36,31,2,0,29,66,97,81.58%,31.96%,45.93%,5.26%,2.06%,2.96%
icc_coreutils_64_O2_env.newgt,7,42,37,2,0,35,68,105,84.09%,35.24%,49.66%,4.55%,1.90%,2.68%
icc_coreutils_64_O2_expand.newgt,7,44,39,2,0,37,70,109,84.78%,35.78%,50.32%,4.35%,1.83%,2.58%
icc_coreutils_64_O2_expr.newgt,8,108,102,2,0,100,83,185,92.73%,55.14%,69.15%,1.82%,1.08%,1.36%
icc_coreutils_64_O2_factor.newgt,9,87,80,2,0,78,89,169,89.89%,47.34%,62.02%,2.25%,1.18%,1.55%
icc_coreutils_64_O2_false.newgt,7,36,31,2,0,29,66,97,81.58%,31.96%,45.93%,5.26%,2.06%,2.96%
icc_coreutils_64_O2_fmt.newgt,8,50,44,2,0,42,68,112,84.62%,39.29%,53.66%,3.85%,1.79%,2.44%
icc_coreutils_64_O2_fold.newgt,8,48,42,2,0,40,73,115,84.00%,36.52%,50.91%,4.00%,1.74%,2.42%
icc_coreutils_64_O2_getlimits.newgt,8,61,55,2,0,53,80,135,87.30%,40.74%,55.56%,3.17%,1.48%,2.02%
icc_coreutils_64_O2_ginstall.newgt,12,159,149,2,0,147,132,281,92.55%,53.02%,67.42%,1.24%,0.71%,0.90%
icc_coreutils_64_O2_groups.newgt,8,46,40,2,0,38,70,110,83.33%,36.36%,50.63%,4.17%,1.82%,2.53%
icc_coreutils_64_O2_head.newgt,7,50,45,2,0,43,67,112,86.54%,40.18%,54.88%,3.85%,1.79%,2.44%
icc_coreutils_64_O2_hostid.newgt,7,43,38,2,0,36,68,106,84.44%,35.85%,50.33%,4.44%,1.89%,2.65%
icc_coreutils_64_O2_id.newgt,7,46,41,2,0,39,69,110,85.42%,37.27%,51.90%,4.17%,1.82%,2.53%
icc_coreutils_64_O2_join.newgt,10,66,58,2,0,56,71,129,85.29%,44.96%,58.88%,2.94%,1.55%,2.03%
icc_coreutils_64_O2_kill.newgt,8,43,37,2,0,35,71,108,82.22%,34.26%,48.37%,4.44%,1.85%,2.61%
icc_coreutils_64_O2_link.newgt,7,43,38,2,0,36,68,106,84.44%,35.85%,50.33%,4.44%,1.89%,2.65%
icc_coreutils_64_O2_ln.newgt,9,91,84,2,0,82,93,177,90.32%,47.46%,62.22%,2.15%,1.13%,1.48%
icc_coreutils_64_O2_logname.newgt,7,43,38,2,0,36,68,106,84.44%,35.85%,50.33%,4.44%,1.89%,2.65%
icc_coreutils_64_O2_ls.newgt,8,116,110,2,0,108,145,255,93.22%,43.14%,58.98%,1.69%,0.78%,1.07%
icc_coreutils_64_O2_make-prime-list.newgt,5,16,13,2,0,11,11,24,72.22%,54.17%,61.90%,11.11%,8.33%,9.52%
icc_coreutils_64_O2_md5sum.newgt,8,49,43,2,0,41,74,117,84.31%,36.75%,51.19%,3.92%,1.71%,2.38%
icc_coreutils_64_O2_mkdir.newgt,8,58,52,2,0,50,88,140,86.67%,37.14%,52.00%,3.33%,1.43%,2.00%
icc_coreutils_64_O2_mkfifo.newgt,7,43,38,2,0,36,70,108,84.44%,35.19%,49.67%,4.44%,1.85%,2.61%
icc_coreutils_64_O2_mknod.newgt,9,47,40,2,0,38,69,109,81.63%,36.70%,50.63%,4.08%,1.83%,2.53%
icc_coreutils_64_O2_mktemp.newgt,8,61,55,2,0,53,75,130,87.30%,42.31%,56.99%,3.17%,1.54%,2.07%
icc_coreutils_64_O2_mv.newgt,13,175,164,2,0,162,124,288,92.66%,56.94%,70.54%,1.13%,0.69%,0.86%
icc_coreutils_64_O2_nice.newgt,7,43,38,2,0,36,68,106,84.44%,35.85%,50.33%,4.44%,1.89%,2.65%
icc_coreutils_64_O2_nl.newgt,10,108,100,2,0,98,84,184,90.91%,54.35%,68.03%,1.82%,1.09%,1.36%
icc_coreutils_64_O2_nohup.newgt,8,51,45,2,0,43,68,113,84.91%,39.82%,54.22%,3.77%,1.77%,2.41%
icc_coreutils_64_O2_nproc.newgt,7,44,39,2,0,37,68,107,84.78%,36.45%,50.98%,4.35%,1.87%,2.61%
icc_coreutils_64_O2_numfmt.newgt,9,61,54,2,0,52,81,135,85.71%,40.00%,54.55%,3.17%,1.48%,2.02%
icc_coreutils_64_O2_od.newgt,9,61,54,2,0,52,96,150,85.71%,36.00%,50.70%,3.17%,1.33%,1.88%
icc_coreutils_64_O2_paste.newgt,7,43,38,2,0,36,69,107,84.44%,35.51%,50.00%,4.44%,1.87%,2.63%
icc_coreutils_64_O2_pathchk.newgt,7,42,37,2,0,35,69,106,84.09%,34.91%,49.33%,4.55%,1.89%,2.67%
icc_coreutils_64_O2_pinky.newgt,8,51,45,2,0,43,72,117,84.91%,38.46%,52.94%,3.77%,1.71%,2.35%
icc_coreutils_64_O2_pr.newgt,10,67,59,2,0,57,74,133,85.51%,44.36%,58.42%,2.90%,1.50%,1.98%
icc_coreutils_64_O2_printenv.newgt,7,41,36,2,0,34,69,105,83.72%,34.29%,48.65%,4.65%,1.90%,2.70%
icc_coreutils_64_O2_printf.newgt,9,57,50,2,0,48,77,127,84.75%,39.37%,53.76%,3.39%,1.57%,2.15%
icc_coreutils_64_O2_ptx.newgt,9,126,119,2,0,117,96,215,92.97%,55.35%,69.39%,1.56%,0.93%,1.17%
icc_coreutils_64_O2_pwd.newgt,8,47,41,2,0,39,73,114,83.67%,35.96%,50.31%,4.08%,1.75%,2.45%
icc_coreutils_64_O2_readlink.newgt,8,67,61,2,0,59,91,152,88.41%,40.13%,55.20%,2.90%,1.32%,1.81%
icc_coreutils_64_O2_realpath.newgt,8,85,79,2,0,77,96,175,90.80%,45.14%,60.31%,2.30%,1.14%,1.53%
icc_coreutils_64_O2_rm.newgt,12,97,87,2,0,85,93,180,87.88%,48.33%,62.37%,2.02%,1.11%,1.43%
icc_coreutils_64_O2_rmdir.newgt,7,52,47,2,0,45,75,122,87.04%,38.52%,53.41%,3.70%,1.64%,2.27%
icc_coreutils_64_O2_runcon.newgt,7,43,38,2,0,36,70,108,84.44%,35.19%,49.67%,4.44%,1.85%,2.61%
icc_coreutils_64_O2_seq.newgt,7,52,47,2,0,45,78,125,87.04%,37.60%,52.51%,3.70%,1.60%,2.23%
icc_coreutils_64_O2_setuidgid.newgt,7,46,41,2,0,39,68,109,85.42%,37.61%,52.23%,4.17%,1.83%,2.55%
icc_coreutils_64_O2_sha1sum.newgt,8,49,43,2,0,41,74,117,84.31%,36.75%,51.19%,3.92%,1.71%,2.38%
icc_coreutils_64_O2_sha224sum.newgt,9,50,43,2,0,41,79,122,82.69%,35.25%,49.43%,3.85%,1.64%,2.30%
icc_coreutils_64_O2_sha256sum.newgt,9,50,43,2,0,41,79,122,82.69%,35.25%,49.43%,3.85%,1.64%,2.30%
icc_coreutils_64_O2_sha384sum.newgt,8,49,43,2,0,41,79,122,84.31%,35.25%,49.71%,3.92%,1.64%,2.31%
icc_coreutils_64_O2_sha512sum.newgt,9,50,43,2,0,41,79,122,82.69%,35.25%,49.43%,3.85%,1.64%,2.30%
icc_coreutils_64_O2_shred.newgt,11,70,61,2,0,59,85,146,84.72%,41.78%,55.96%,2.78%,1.37%,1.83%
icc_coreutils_64_O2_shuf.newgt,9,74,67,2,0,65,90,157,88.16%,42.68%,57.51%,2.63%,1.27%,1.72%
icc_coreutils_64_O2_sleep.newgt,7,46,41,2,0,39,70,111,85.42%,36.94%,51.57%,4.17%,1.80%,2.52%
icc_coreutils_64_O2_sort.newgt,12,133,123,2,0,121,104,227,91.11%,54.19%,67.96%,1.48%,0.88%,1.10%
icc_coreutils_64_O2_split.newgt,10,82,74,2,0,72,80,154,88.10%,48.05%,62.18%,2.38%,1.30%,1.68%
icc_coreutils_64_O2_stat.newgt,11,85,76,2,0,74,87,163,87.36%,46.63%,60.80%,2.30%,1.23%,1.60%
icc_coreutils_64_O2_stdbuf.newgt,9,77,70,2,0,68,89,159,88.61%,44.03%,58.82%,2.53%,1.26%,1.68%
icc_coreutils_64_O2_stty.newgt,8,58,52,2,0,50,76,128,86.67%,40.62%,55.32%,3.33%,1.56%,2.13%
icc_coreutils_64_O2_sum.newgt,8,50,44,2,0,42,81,125,84.62%,35.20%,49.72%,3.85%,1.60%,2.26%
icc_coreutils_64_O2_sync.newgt,7,42,37,2,0,35,69,106,84.09%,34.91%,49.33%,4.55%,1.89%,2.67%
icc_coreutils_64_O2_tac.newgt,10,107,99,2,0,97,82,181,90.83%,54.70%,68.28%,1.83%,1.10%,1.38%
icc_coreutils_64_O2_tail.newgt,10,75,67,2,0,65,90,157,87.01%,42.68%,57.26%,2.60%,1.27%,1.71%
icc_coreutils_64_O2_tee.newgt,9,47,40,2,0,38,70,110,81.63%,36.36%,50.31%,4.08%,1.82%,2.52%
icc_coreutils_64_O2_test.newgt,7,46,41,2,0,39,61,102,85.42%,40.20%,54.67%,4.17%,1.96%,2.67%
icc_coreutils_64_O2_timeout.newgt,9,62,55,2,0,53,85,140,85.94%,39.29%,53.92%,3.12%,1.43%,1.96%
icc_coreutils_64_O2_touch.newgt,11,75,66,2,0,64,82,148,85.71%,44.59%,58.67%,2.60%,1.35%,1.78%
icc_coreutils_64_O2_tr.newgt,7,52,47,2,0,45,71,118,87.04%,39.83%,54.65%,3.70%,1.69%,2.33%
icc_coreutils_64_O2_true.newgt,7,36,31,2,0,29,66,97,81.58%,31.96%,45.93%,5.26%,2.06%,2.96%
icc_coreutils_64_O2_truncate.newgt,8,62,56,2,0,54,78,134,87.50%,41.79%,56.57%,3.12%,1.49%,2.02%
icc_coreutils_64_O2_tsort.newgt,7,50,45,2,0,43,71,116,86.54%,38.79%,53.57%,3.85%,1.72%,2.38%
icc_coreutils_64_O2_tty.newgt,8,43,37,2,0,35,68,105,82.22%,35.24%,49.33%,4.44%,1.90%,2.67%
icc_coreutils_64_O2_uname.newgt,7,42,37,2,0,35,68,105,84.09%,35.24%,49.66%,4.55%,1.90%,2.68%
icc_coreutils_64_O2_unexpand.newgt,8,45,39,2,0,37,70,109,82.98%,35.78%,50.00%,4.26%,1.83%,2.56%
icc_coreutils_64_O2_uniq.newgt,7,58,53,2,0,51,74,127,88.33%,41.73%,56.68%,3.33%,1.57%,2.14%
icc_coreutils_64_O2_unlink.newgt,7,43,38,2,0,36,68,106,84.44%,35.85%,50.33%,4.44%,1.89%,2.65%
icc_coreutils_64_O2_uptime.newgt,7,50,45,2,0,43,69,114,86.54%,39.47%,54.22%,3.85%,1.75%,2.41%
icc_coreutils_64_O2_users.newgt,7,46,41,2,0,39,69,110,85.42%,37.27%,51.90%,4.17%,1.82%,2.53%
icc_coreutils_64_O2_vdir.newgt,8,116,110,2,0,108,145,255,93.22%,43.14%,58.98%,1.69%,0.78%,1.07%
icc_coreutils_64_O2_wc.newgt,8,55,49,2,0,47,74,123,85.96%,39.84%,54.44%,3.51%,1.63%,2.22%
icc_coreutils_64_O2_who.newgt,8,62,56,2,0,54,77,133,87.50%,42.11%,56.85%,3.12%,1.50%,2.03%
icc_coreutils_64_O2_whoami.newgt,7,43,38,2,0,36,68,106,84.44%,35.85%,50.33%,4.44%,1.89%,2.65%
icc_coreutils_64_O2_yes.newgt,7,42,37,2,0,35,69,106,84.09%,34.91%,49.33%,4.55%,1.89%,2.67%
icc_coreutils_64_O3_[.newgt,7,46,41,2,0,39,66,107,85.42%,38.32%,52.90%,4.17%,1.87%,2.58%
icc_coreutils_64_O3_base64.newgt,8,51,45,2,0,43,76,121,84.91%,37.19%,51.72%,3.77%,1.65%,2.30%
icc_coreutils_64_O3_basename.newgt,7,46,41,2,0,39,67,108,85.42%,37.96%,52.56%,4.17%,1.85%,2.56%
icc_coreutils_64_O3_cat.newgt,9,66,59,2,0,57,80,139,86.76%,42.45%,57.00%,2.94%,1.44%,1.93%
icc_coreutils_64_O3_chcon.newgt,12,101,91,2,0,89,91,182,88.35%,50.00%,63.86%,1.94%,1.10%,1.40%
icc_coreutils_64_O3_chgrp.newgt,13,97,86,2,0,84,88,174,86.87%,49.43%,63.00%,2.02%,1.15%,1.47%
icc_coreutils_64_O3_chmod.newgt,11,91,82,2,0,80,89,171,88.17%,47.95%,62.12%,2.15%,1.17%,1.52%
icc_coreutils_64_O3_chown.newgt,13,98,87,2,0,85,88,175,87.00%,49.71%,63.27%,2.00%,1.14%,1.45%
icc_coreutils_64_O3_chroot.newgt,7,44,39,2,0,37,70,109,84.78%,35.78%,50.32%,4.35%,1.83%,2.58%
icc_coreutils_64_O3_cksum.newgt,7,46,41,2,0,39,70,111,85.42%,36.94%,51.57%,4.17%,1.80%,2.52%
icc_coreutils_64_O3_comm.newgt,8,58,52,2,0,50,68,120,86.67%,43.33%,57.78%,3.33%,1.67%,2.22%
icc_coreutils_64_O3_cp.newgt,12,165,155,2,0,153,126,281,92.81%,55.16%,69.20%,1.20%,0.71%,0.89%
icc_coreutils_64_O3_csplit.newgt,9,111,104,2,0,102,87,191,92.04%,54.45%,68.42%,1.77%,1.05%,1.32%
icc_coreutils_64_O3_cut.newgt,8,63,57,2,0,55,85,142,87.69%,40.14%,55.07%,3.08%,1.41%,1.93%
icc_coreutils_64_O3_date.newgt,8,58,52,2,0,50,72,124,86.67%,41.94%,56.52%,3.33%,1.61%,2.17%
icc_coreutils_64_O3_dd.newgt,9,67,60,2,0,58,81,141,86.96%,42.55%,57.14%,2.90%,1.42%,1.90%
icc_coreutils_64_O3_df.newgt,10,113,105,2,0,103,117,222,91.30%,47.30%,62.31%,1.74%,0.90%,1.19%
icc_coreutils_64_O3_dir.newgt,9,117,110,2,0,108,145,255,92.44%,43.14%,58.82%,1.68%,0.78%,1.07%
icc_coreutils_64_O3_dircolors.newgt,8,48,42,2,0,40,68,110,84.00%,38.18%,52.50%,4.00%,1.82%,2.50%
icc_coreutils_64_O3_dirname.newgt,7,42,37,2,0,35,70,107,84.09%,34.58%,49.01%,4.55%,1.87%,2.65%
icc_coreutils_64_O3_du.newgt,12,149,139,2,0,137,99,238,92.05%,58.40%,71.47%,1.32%,0.84%,1.03%
icc_coreutils_64_O3_echo.newgt,7,36,31,2,0,29,66,97,81.58%,31.96%,45.93%,5.26%,2.06%,2.96%
icc_coreutils_64_O3_env.newgt,7,42,37,2,0,35,68,105,84.09%,35.24%,49.66%,4.55%,1.90%,2.68%
icc_coreutils_64_O3_expand.newgt,7,44,39,2,0,37,70,109,84.78%,35.78%,50.32%,4.35%,1.83%,2.58%
icc_coreutils_64_O3_expr.newgt,9,109,102,2,0,100,83,185,91.89%,55.14%,68.92%,1.80%,1.08%,1.35%
icc_coreutils_64_O3_factor.newgt,11,89,80,2,0,78,89,169,87.91%,47.34%,61.54%,2.20%,1.18%,1.54%
icc_coreutils_64_O3_false.newgt,7,36,31,2,0,29,66,97,81.58%,31.96%,45.93%,5.26%,2.06%,2.96%
icc_coreutils_64_O3_fmt.newgt,7,49,44,2,0,42,68,112,86.27%,39.29%,53.99%,3.92%,1.79%,2.45%
icc_coreutils_64_O3_fold.newgt,8,48,42,2,0,40,73,115,84.00%,36.52%,50.91%,4.00%,1.74%,2.42%
icc_coreutils_64_O3_getlimits.newgt,9,62,55,2,0,53,80,135,85.94%,40.74%,55.28%,3.12%,1.48%,2.01%
icc_coreutils_64_O3_ginstall.newgt,12,159,149,2,0,147,132,281,92.55%,53.02%,67.42%,1.24%,0.71%,0.90%
icc_coreutils_64_O3_groups.newgt,7,45,40,2,0,38,70,110,85.11%,36.36%,50.96%,4.26%,1.82%,2.55%
icc_coreutils_64_O3_head.newgt,7,50,45,2,0,43,67,112,86.54%,40.18%,54.88%,3.85%,1.79%,2.44%
icc_coreutils_64_O3_hostid.newgt,7,43,38,2,0,36,68,106,84.44%,35.85%,50.33%,4.44%,1.89%,2.65%
icc_coreutils_64_O3_id.newgt,7,46,41,2,0,39,69,110,85.42%,37.27%,51.90%,4.17%,1.82%,2.53%
icc_coreutils_64_O3_join.newgt,8,64,58,2,0,56,71,129,87.88%,44.96%,59.49%,3.03%,1.55%,2.05%
icc_coreutils_64_O3_kill.newgt,7,42,37,2,0,35,71,108,84.09%,34.26%,48.68%,4.55%,1.85%,2.63%
icc_coreutils_64_O3_link.newgt,7,43,38,2,0,36,68,106,84.44%,35.85%,50.33%,4.44%,1.89%,2.65%
icc_coreutils_64_O3_ln.newgt,9,91,84,2,0,82,93,177,90.32%,47.46%,62.22%,2.15%,1.13%,1.48%
icc_coreutils_64_O3_logname.newgt,7,43,38,2,0,36,68,106,84.44%,35.85%,50.33%,4.44%,1.89%,2.65%
icc_coreutils_64_O3_ls.newgt,9,117,110,2,0,108,145,255,92.44%,43.14%,58.82%,1.68%,0.78%,1.07%
icc_coreutils_64_O3_make-prime-list.newgt,5,16,13,2,0,11,11,24,72.22%,54.17%,61.90%,11.11%,8.33%,9.52%
icc_coreutils_64_O3_md5sum.newgt,8,49,43,2,0,41,74,117,84.31%,36.75%,51.19%,3.92%,1.71%,2.38%
icc_coreutils_64_O3_mkdir.newgt,8,58,52,2,0,50,88,140,86.67%,37.14%,52.00%,3.33%,1.43%,2.00%
icc_coreutils_64_O3_mkfifo.newgt,7,43,38,2,0,36,70,108,84.44%,35.19%,49.67%,4.44%,1.85%,2.61%
icc_coreutils_64_O3_mknod.newgt,9,47,40,2,0,38,69,109,81.63%,36.70%,50.63%,4.08%,1.83%,2.53%
icc_coreutils_64_O3_mktemp.newgt,8,61,55,2,0,53,75,130,87.30%,42.31%,56.99%,3.17%,1.54%,2.07%
icc_coreutils_64_O3_mv.newgt,12,174,164,2,0,162,124,288,93.18%,56.94%,70.69%,1.14%,0.69%,0.86%
icc_coreutils_64_O3_nice.newgt,7,43,38,2,0,36,68,106,84.44%,35.85%,50.33%,4.44%,1.89%,2.65%
icc_coreutils_64_O3_nl.newgt,10,108,100,2,0,98,84,184,90.91%,54.35%,68.03%,1.82%,1.09%,1.36%
icc_coreutils_64_O3_nohup.newgt,8,51,45,2,0,43,68,113,84.91%,39.82%,54.22%,3.77%,1.77%,2.41%
icc_coreutils_64_O3_nproc.newgt,7,44,39,2,0,37,68,107,84.78%,36.45%,50.98%,4.35%,1.87%,2.61%
icc_coreutils_64_O3_numfmt.newgt,8,60,54,2,0,52,81,135,87.10%,40.00%,54.82%,3.23%,1.48%,2.03%
icc_coreutils_64_O3_od.newgt,8,60,54,2,0,52,96,150,87.10%,36.00%,50.94%,3.23%,1.33%,1.89%
icc_coreutils_64_O3_paste.newgt,7,43,38,2,0,36,69,107,84.44%,35.51%,50.00%,4.44%,1.87%,2.63%
icc_coreutils_64_O3_pathchk.newgt,7,42,37,2,0,35,69,106,84.09%,34.91%,49.33%,4.55%,1.89%,2.67%
icc_coreutils_64_O3_pinky.newgt,7,50,45,2,0,43,72,117,86.54%,38.46%,53.25%,3.85%,1.71%,2.37%
icc_coreutils_64_O3_pr.newgt,9,66,59,2,0,57,74,133,86.76%,44.36%,58.71%,2.94%,1.50%,1.99%
icc_coreutils_64_O3_printenv.newgt,7,41,36,2,0,34,69,105,83.72%,34.29%,48.65%,4.65%,1.90%,2.70%
icc_coreutils_64_O3_printf.newgt,9,57,50,2,0,48,77,127,84.75%,39.37%,53.76%,3.39%,1.57%,2.15%
icc_coreutils_64_O3_ptx.newgt,9,126,119,2,0,117,96,215,92.97%,55.35%,69.39%,1.56%,0.93%,1.17%
icc_coreutils_64_O3_pwd.newgt,8,47,41,2,0,39,73,114,83.67%,35.96%,50.31%,4.08%,1.75%,2.45%
icc_coreutils_64_O3_readlink.newgt,8,67,61,2,0,59,91,152,88.41%,40.13%,55.20%,2.90%,1.32%,1.81%
icc_coreutils_64_O3_realpath.newgt,8,85,79,2,0,77,96,175,90.80%,45.14%,60.31%,2.30%,1.14%,1.53%
icc_coreutils_64_O3_rm.newgt,12,97,87,2,0,85,93,180,87.88%,48.33%,62.37%,2.02%,1.11%,1.43%
icc_coreutils_64_O3_rmdir.newgt,7,52,47,2,0,45,75,122,87.04%,38.52%,53.41%,3.70%,1.64%,2.27%
icc_coreutils_64_O3_runcon.newgt,7,43,38,2,0,36,70,108,84.44%,35.19%,49.67%,4.44%,1.85%,2.61%
icc_coreutils_64_O3_seq.newgt,7,52,47,2,0,45,78,125,87.04%,37.60%,52.51%,3.70%,1.60%,2.23%
icc_coreutils_64_O3_setuidgid.newgt,7,46,41,2,0,39,68,109,85.42%,37.61%,52.23%,4.17%,1.83%,2.55%
icc_coreutils_64_O3_sha1sum.newgt,8,49,43,2,0,41,74,117,84.31%,36.75%,51.19%,3.92%,1.71%,2.38%
icc_coreutils_64_O3_sha224sum.newgt,9,50,43,2,0,41,79,122,82.69%,35.25%,49.43%,3.85%,1.64%,2.30%
icc_coreutils_64_O3_sha256sum.newgt,9,50,43,2,0,41,79,122,82.69%,35.25%,49.43%,3.85%,1.64%,2.30%
icc_coreutils_64_O3_sha384sum.newgt,9,50,43,2,0,41,79,122,82.69%,35.25%,49.43%,3.85%,1.64%,2.30%
icc_coreutils_64_O3_sha512sum.newgt,8,49,43,2,0,41,79,122,84.31%,35.25%,49.71%,3.92%,1.64%,2.31%
icc_coreutils_64_O3_shred.newgt,11,70,61,2,0,59,85,146,84.72%,41.78%,55.96%,2.78%,1.37%,1.83%
icc_coreutils_64_O3_shuf.newgt,9,74,67,2,0,65,90,157,88.16%,42.68%,57.51%,2.63%,1.27%,1.72%
icc_coreutils_64_O3_sleep.newgt,7,46,41,2,0,39,70,111,85.42%,36.94%,51.57%,4.17%,1.80%,2.52%
icc_coreutils_64_O3_sort.newgt,11,132,123,2,0,121,104,227,91.79%,54.19%,68.14%,1.49%,0.88%,1.11%
icc_coreutils_64_O3_split.newgt,11,83,74,2,0,72,80,154,87.06%,48.05%,61.92%,2.35%,1.30%,1.67%
icc_coreutils_64_O3_stat.newgt,11,85,76,2,0,74,87,163,87.36%,46.63%,60.80%,2.30%,1.23%,1.60%
icc_coreutils_64_O3_stdbuf.newgt,8,76,70,2,0,68,89,159,89.74%,44.03%,59.07%,2.56%,1.26%,1.69%
icc_coreutils_64_O3_stty.newgt,10,60,52,2,0,50,76,128,83.87%,40.62%,54.74%,3.23%,1.56%,2.11%
icc_coreutils_64_O3_sum.newgt,8,50,44,2,0,42,81,125,84.62%,35.20%,49.72%,3.85%,1.60%,2.26%
icc_coreutils_64_O3_sync.newgt,7,42,37,2,0,35,69,106,84.09%,34.91%,49.33%,4.55%,1.89%,2.67%
icc_coreutils_64_O3_tac.newgt,9,106,99,2,0,97,82,181,91.67%,54.70%,68.51%,1.85%,1.10%,1.38%
icc_coreutils_64_O3_tail.newgt,12,78,68,2,0,66,89,157,85.00%,43.31%,57.38%,2.50%,1.27%,1.69%
icc_coreutils_64_O3_tee.newgt,8,46,40,2,0,38,70,110,83.33%,36.36%,50.63%,4.17%,1.82%,2.53%
icc_coreutils_64_O3_test.newgt,7,46,41,2,0,39,61,102,85.42%,40.20%,54.67%,4.17%,1.96%,2.67%
icc_coreutils_64_O3_timeout.newgt,9,62,55,2,0,53,85,140,85.94%,39.29%,53.92%,3.12%,1.43%,1.96%
icc_coreutils_64_O3_touch.newgt,11,75,66,2,0,64,82,148,85.71%,44.59%,58.67%,2.60%,1.35%,1.78%
icc_coreutils_64_O3_tr.newgt,7,52,47,2,0,45,71,118,87.04%,39.83%,54.65%,3.70%,1.69%,2.33%
icc_coreutils_64_O3_true.newgt,7,36,31,2,0,29,66,97,81.58%,31.96%,45.93%,5.26%,2.06%,2.96%
icc_coreutils_64_O3_truncate.newgt,8,62,56,2,0,54,78,134,87.50%,41.79%,56.57%,3.12%,1.49%,2.02%
icc_coreutils_64_O3_tsort.newgt,7,50,45,2,0,43,71,116,86.54%,38.79%,53.57%,3.85%,1.72%,2.38%
icc_coreutils_64_O3_tty.newgt,8,43,37,2,0,35,68,105,82.22%,35.24%,49.33%,4.44%,1.90%,2.67%
icc_coreutils_64_O3_uname.newgt,7,42,37,2,0,35,68,105,84.09%,35.24%,49.66%,4.55%,1.90%,2.68%
icc_coreutils_64_O3_unexpand.newgt,8,45,39,2,0,37,70,109,82.98%,35.78%,50.00%,4.26%,1.83%,2.56%
icc_coreutils_64_O3_uniq.newgt,8,59,53,2,0,51,74,127,86.89%,41.73%,56.38%,3.28%,1.57%,2.13%
icc_coreutils_64_O3_unlink.newgt,7,43,38,2,0,36,68,106,84.44%,35.85%,50.33%,4.44%,1.89%,2.65%
icc_coreutils_64_O3_uptime.newgt,7,50,45,2,0,43,69,114,86.54%,39.47%,54.22%,3.85%,1.75%,2.41%
icc_coreutils_64_O3_users.newgt,7,46,41,2,0,39,69,110,85.42%,37.27%,51.90%,4.17%,1.82%,2.53%
icc_coreutils_64_O3_vdir.newgt,9,117,110,2,0,108,145,255,92.44%,43.14%,58.82%,1.68%,0.78%,1.07%
icc_coreutils_64_O3_wc.newgt,8,55,49,2,0,47,74,123,85.96%,39.84%,54.44%,3.51%,1.63%,2.22%
icc_coreutils_64_O3_who.newgt,7,61,56,2,0,54,77,133,88.89%,42.11%,57.14%,3.17%,1.50%,2.04%
icc_coreutils_64_O3_whoami.newgt,7,43,38,2,0,36,68,106,84.44%,35.85%,50.33%,4.44%,1.89%,2.65%
icc_coreutils_64_O3_yes.newgt,7,42,37,2,0,35,69,106,84.09%,34.91%,49.33%,4.55%,1.89%,2.67%
icc_findutils_64_O0_bigram.newgt,0,26,28,2,0,26,17,45,100.00%,62.22%,76.71%,7.14%,4.44%,5.48%
icc_findutils_64_O0_code.newgt,0,32,34,2,0,32,21,55,100.00%,61.82%,76.40%,5.88%,3.64%,4.49%
icc_findutils_64_O0_find.newgt,3,522,521,2,0,519,167,688,99.43%,75.73%,85.97%,0.38%,0.29%,0.33%
icc_findutils_64_O0_frcode.newgt,0,33,35,2,0,33,17,52,100.00%,67.31%,80.46%,5.71%,3.85%,4.60%
icc_findutils_64_O0_locate.newgt,0,263,265,2,0,263,42,307,100.00%,86.32%,92.66%,0.75%,0.65%,0.70%
icc_findutils_64_O0_oldfind.newgt,6,511,507,2,0,505,171,678,98.83%,74.78%,85.14%,0.39%,0.29%,0.34%
icc_findutils_64_O0_xargs.newgt,0,67,69,2,0,67,19,88,100.00%,78.41%,87.90%,2.90%,2.27%,2.55%
icc_findutils_64_O1_bigram.newgt,4,21,19,2,0,17,28,47,82.61%,40.43%,54.29%,8.70%,4.26%,5.71%
icc_findutils_64_O1_code.newgt,5,30,27,2,0,25,28,55,84.38%,49.09%,62.07%,6.25%,3.64%,4.60%
icc_findutils_64_O1_find.newgt,9,363,356,2,0,354,192,548,97.53%,64.96%,77.98%,0.55%,0.36%,0.44%
icc_findutils_64_O1_frcode.newgt,5,27,24,2,0,22,28,52,82.76%,46.15%,59.26%,6.90%,3.85%,4.94%
icc_findutils_64_O1_locate.newgt,7,164,159,2,0,157,67,226,95.78%,70.35%,81.12%,1.20%,0.88%,1.02%
icc_findutils_64_O1_oldfind.newgt,9,361,354,2,0,352,194,548,97.52%,64.60%,77.72%,0.55%,0.36%,0.44%
icc_findutils_64_O1_xargs.newgt,5,53,50,2,0,48,32,82,90.91%,60.98%,72.99%,3.64%,2.44%,2.92%
icc_findutils_64_O2_bigram.newgt,7,28,23,2,0,21,40,63,76.67%,36.51%,49.46%,6.67%,3.17%,4.30%
icc_findutils_64_O2_code.newgt,8,32,26,2,0,24,42,68,76.47%,38.24%,50.98%,5.88%,2.94%,3.92%
icc_findutils_64_O2_find.newgt,13,264,253,2,0,251,208,461,95.11%,54.88%,69.60%,0.75%,0.43%,0.55%
icc_findutils_64_O2_frcode.newgt,8,31,25,2,0,23,41,66,75.76%,37.88%,50.51%,6.06%,3.03%,4.04%
icc_findutils_64_O2_locate.newgt,10,120,112,2,0,110,86,198,91.80%,56.57%,70.00%,1.64%,1.01%,1.25%
icc_findutils_64_O2_oldfind.newgt,12,267,257,2,0,255,211,468,95.54%,54.91%,69.74%,0.74%,0.43%,0.54%
icc_findutils_64_O2_xargs.newgt,8,54,48,2,0,46,45,93,85.71%,51.61%,64.43%,3.57%,2.15%,2.68%
icc_findutils_64_O3_bigram.newgt,7,28,23,2,0,21,40,63,76.67%,36.51%,49.46%,6.67%,3.17%,4.30%
icc_findutils_64_O3_code.newgt,8,32,26,2,0,24,42,68,76.47%,38.24%,50.98%,5.88%,2.94%,3.92%
icc_findutils_64_O3_find.newgt,12,263,253,2,0,251,208,461,95.47%,54.88%,69.70%,0.75%,0.43%,0.55%
icc_findutils_64_O3_frcode.newgt,8,31,25,2,0,23,41,66,75.76%,37.88%,50.51%,6.06%,3.03%,4.04%
icc_findutils_64_O3_locate.newgt,11,121,112,2,0,110,86,198,91.06%,56.57%,69.78%,1.63%,1.01%,1.25%
icc_findutils_64_O3_oldfind.newgt,12,267,257,2,0,255,211,468,95.54%,54.91%,69.74%,0.74%,0.43%,0.54%
icc_findutils_64_O3_xargs.newgt,8,54,48,2,0,46,45,93,85.71%,51.61%,64.43%,3.57%,2.15%,2.68%
